sample_id,prob_ati,pred_label,true_label
bkbc_0,0.8679845160212634,1,1
bkbc_1,0.8579372162757619,1,1
bkbc_2,0.8593831493047602,1,1
bkbc_3,0.2654667623463697,0,0
bkbc_4,0.526446085485706,1,1
bkbc_5,0.6698626947306711,1,1
bkbc_6,0.4565480135196893,0,1
bkbc_7,0.29940077927701536,0,0
bkbc_8,0.24130384574800234,0,0
bkbc_9,0.39590168863958736,0,0
bkbc_10,0.3044189937556641,0,0
bkbc_11,0.5691455636306653,1,1
bkbc_12,0.3873674221647082,0,1
bkbc_13,0.3544391876570535,0,1
bkbc_14,0.4420327075304977,0,1
bkbc_15,0.4932684775904998,0,0
bkbc_16,0.19101341093777005,0,0
bkbc_17,0.291297134077369,0,0
bkbc_18,0.3175116106710248,0,0
bkbc_19,0.8040875024267033,1,1
bkbc_20,0.27139435112000954,0,0
bkbc_21,0.255324545521153,0,0
bkbc_22,0.6748594095393013,1,1
bkbc_23,0.3633918115804638,0,0
bkbc_24,0.4714715739235956,0,0
bkbc_25,0.2757879771256094,0,0
bkbc_26,0.5042364971600616,1,1
bkbc_27,0.6288519834417966,1,1
bkbc_28,0.8363025468063953,1,1
bkbc_29,0.778686954810228,1,1
bkbc_30,0.438586301029065,0,1
bkbc_31,0.2601702057379461,0,0
bkbc_32,0.27723162733323864,0,0
bkbc_33,0.31862887974137905,0,0
bkbc_34,0.23294805000799607,0,0
bkbc_35,0.23061848042032435,0,0
bkbc_36,0.7331509200865227,1,1
bkbc_37,0.3018627751112789,0,0
bkbc_38,0.8133264371497768,1,1
bkbc_39,0.6699527258255072,1,1
bkbc_40,0.31760666824423645,0,0
bkbc_41,0.7340093239236342,1,1
bkbc_42,0.8199973857665093,1,1
bkbc_43,0.256996946590682,0,0
bkbc_44,0.30183483575851167,0,0
bkbc_45,0.27392523630611887,0,0
bkbc_46,0.35179304628628755,0,0
bkbc_47,0.36099452245400315,0,0
bkbc_48,0.5597984164465932,1,1
bkbc_49,0.4902404401253964,0,1
bkbc_50,0.3056555272343033,0,0
bkbc_51,0.38763161369185645,0,1
bkbc_52,0.2696857009504349,0,0
bkbc_53,0.27811535740138327,0,0
bkbc_54,0.2720268754445545,0,0
bkbc_55,0.2515673352031291,0,0
bkbc_56,0.5092780757065647,1,1
bkbc_57,0.5276565184942736,1,1
bkbc_58,0.5509672007903427,1,1
bkbc_59,0.48787063168218747,0,1
bkbc_60,0.7148308594741394,1,1
bkbc_61,0.4180653604065449,0,1
bkbc_62,0.19926367156842978,0,0
bkbc_63,0.37469102363972506,0,0
bkbc_64,0.4241306065662587,0,0
bkbc_65,0.23375419773722547,0,0
bkbc_66,0.5887845921166246,1,1
bkbc_67,0.4869579374138977,0,1
bkbc_68,0.31497225558288516,0,0
bkbc_69,0.1869202730033857,0,0
bkbc_70,0.27411175743322946,0,0
bkbc_71,0.18585646889293572,0,0
bkbc_72,0.2894203296895204,0,0
bkbc_73,0.6485044252586208,1,1
bkbc_74,0.42900222360422896,0,1
bkbc_75,0.7260588558738843,1,1
bkbc_76,0.6893067168232366,1,1
bkbc_77,0.4032436564056075,0,0
bkbc_78,0.2968297495309923,0,0
bkbc_79,0.4406830172859489,0,1
bkbc_80,0.8506823674677441,1,1
bkbc_81,0.33266323165957007,0,1
bkbc_82,0.6267460527788018,1,1
bkbc_83,0.337764071538686,0,0
bkbc_84,0.19375191392230545,0,0
bkbc_85,0.28202667812971666,0,0
bkbc_86,0.3576208965141374,0,0
bkbc_87,0.2882649494586678,0,0
bkbc_88,0.3226169327342127,0,0
bkbc_89,0.8643036734834034,1,1
bkbc_90,0.1902950328577717,0,0
bkbc_91,0.35461532250712785,0,0
bkbc_92,0.5135537312642814,1,1
bkbc_93,0.38634206326630044,0,0
bkbc_94,0.6341771586330238,1,1
bkbc_95,0.833768181405216,1,1
bkbc_96,0.24687082008199038,0,0
bkbc_97,0.3590417186685229,0,0
bkbc_98,0.5649279375871109,1,1
bkbc_99,0.5731578307462399,1,1
bkbc_100,0.7121416824542629,1,1
bkbc_101,0.28058144149225983,0,0
bkbc_102,0.32049447675185677,0,0
bkbc_103,0.3471749810933313,0,0
bkbc_104,0.21809641100391358,0,0
bkbc_105,0.8254527501857055,1,1
bkbc_106,0.6696930047830914,1,1
bkbc_107,0.5813375947236094,1,1
bkbc_108,0.34119690823049326,0,0
bkbc_109,0.1997589294170606,0,0
bkbc_110,0.7010476153714267,1,1
bkbc_111,0.525673899123818,1,1
bkbc_112,0.8603918745172779,1,1
bkbc_113,0.578909501004247,1,1
bkbc_114,0.43652362842352394,0,1
bkbc_115,0.24591050775731335,0,0
bkbc_116,0.6806401186015597,1,1
bkbc_117,0.4799048025381365,0,1
bkbc_118,0.4088480368045379,0,0
bkbc_119,0.21551469790596883,0,0
bkbc_120,0.21667920441383595,0,0
bkbc_121,0.40397715391686956,0,0
bkbc_122,0.8593831493047602,1,1
bkbc_123,0.5436295037928722,1,0
bkbc_124,0.7940966014833528,1,1
bkbc_125,0.27723162733323864,0,0
bkbc_126,0.8494076655694163,1,1
bkbc_127,0.6907574633779197,1,1
bkbc_128,0.5784934343476781,1,1
bkbc_129,0.28382331329888466,0,0
bkbc_130,0.26046448573755265,0,0
bkbc_131,0.27945346261114196,0,0
bkbc_132,0.30548720652426453,0,0
bkbc_133,0.5515393851839231,1,1
bkbc_134,0.47263706062429695,0,1
bkbc_135,0.7101227508153081,1,1
bkbc_136,0.7271065154478307,1,1
bkbc_137,0.329165804252944,0,0
bkbc_138,0.38887148362381585,0,1
bkbc_139,0.1916156821396075,0,0
bkbc_140,0.7680266555848184,1,1
bkbc_141,0.5509837085754234,1,1
bkbc_142,0.32740639289932505,0,0
bkbc_143,0.5433670591635471,1,1
bkbc_144,0.25418404328533956,0,0
bkbc_145,0.5086527003768212,1,0
bkbc_146,0.674301113281983,1,1
bkbc_147,0.8033900301040569,1,1
bkbc_148,0.5266957185836023,1,0
bkbc_149,0.6382739052997208,1,0
bkbc_150,0.3419526545441976,0,0
bkbc_151,0.24379937428520343,0,0
bkbc_152,0.7989873071640414,1,1
bkbc_153,0.8520933968644203,1,1
bkbc_154,0.42778817311440803,0,0
bkbc_155,0.37366858843217243,0,0
bkbc_156,0.38657682228066764,0,0
bkbc_157,0.3071921575410257,0,0
bkbc_158,0.7373808988403331,1,1
bkbc_159,0.26737496141006106,0,0
bkbc_160,0.782334640903523,1,1
bkbc_161,0.26900944811049715,0,0
bkbc_162,0.22233154083558124,0,0
bkbc_163,0.38596916818956406,0,0
bkbc_164,0.349736264905564,0,0
bkbc_165,0.7909738297625781,1,1
bkbc_166,0.3199989207958101,0,0
bkbc_167,0.7107002982108399,1,1
bkbc_168,0.8139999190445084,1,1
bkbc_169,0.7032971965773793,1,1
bkbc_170,0.37529538412541313,0,0
bkbc_171,0.23871368264429085,0,0
bkbc_172,0.2554838955031985,0,0
bkbc_173,0.5575782143619148,1,1
bkbc_174,0.3335766353773389,0,0
bkbc_175,0.5689349745493775,1,1
bkbc_176,0.7195888840488727,1,1
bkbc_177,0.6741690697617196,1,1
bkbc_178,0.8218784739616348,1,1
bkbc_179,0.394176973141991,0,0
bkbc_180,0.5329918854248483,1,1
bkbc_181,0.5552537950214618,1,1
bkbc_182,0.5957691009625108,1,1
bkbc_183,0.4623145583234379,0,1
bkbc_184,0.31153004378045873,0,0
bkbc_185,0.18952217569633198,0,0
bkbc_186,0.6478849639634415,1,1
bkbc_187,0.829908976591549,1,1
bkbc_188,0.21588983630508182,0,0
bkbc_189,0.21867309085415723,0,0
bkbc_190,0.24692268133737588,0,0
bkbc_191,0.3108897479713956,0,0
bkbc_192,0.2800563957212808,0,0
bkbc_193,0.8217066483026093,1,1
bkbc_194,0.48313339367200386,0,1
bkbc_195,0.30579324810546216,0,0
bkbc_196,0.3191233174314607,0,0
bkbc_197,0.26475013247658913,0,0
bkbc_198,0.5114375177484572,1,1
bkbc_199,0.8167382465962162,1,1
bkbc_200,0.34042188177418725,0,1
bkbc_201,0.462208754234056,0,1
bkbc_202,0.7628727940764729,1,1
bkbc_203,0.698652598312986,1,1
bkbc_204,0.22787688255132682,0,0
bkbc_205,0.531739709273566,1,1
bkbc_206,0.39614832035491915,0,0
bkbc_207,0.32645357768904226,0,0
bkbc_208,0.3503431682846369,0,0
bkbc_209,0.19332732212078937,0,0
bkbc_210,0.7926877644890812,1,1
bkbc_211,0.17725053032149463,0,0
bkbc_212,0.44144261947554125,0,0
bkbc_213,0.2996252463638042,0,0
bkbc_214,0.6613328058073672,1,1
bkbc_215,0.3090379067051676,0,0
bkbc_216,0.575387971044751,1,0
bkbc_217,0.47243950669612417,0,1
bkbc_218,0.24093538919619753,0,0
bkbc_219,0.642497223534232,1,1
bkbc_220,0.21333152369478556,0,0
bkbc_221,0.23230411695454561,0,0
bkbc_222,0.2303556544536392,0,0
bkbc_223,0.6518142438191364,1,1
bkbc_224,0.8447871140143872,1,1
bkbc_225,0.4819666610837728,0,1
bkbc_226,0.21685849233382978,0,0
bkbc_227,0.6124159039172999,1,1
bkbc_228,0.3609324046999539,0,0
bkbc_229,0.3088705491821982,0,0
bkbc_230,0.7755306760343479,1,1
bkbc_231,0.25922180136641726,0,0
bkbc_232,0.42025397870491993,0,1
bkbc_233,0.19897576538747092,0,0
bkbc_234,0.294563787297711,0,0
bkbc_235,0.2569750248116628,0,0
bkbc_236,0.7189359830380118,1,1
bkbc_237,0.6440517411890707,1,1
bkbc_238,0.3134381016789151,0,0
bkbc_239,0.5176712941338681,1,1
bkbc_240,0.7063510559372943,1,1
bkbc_241,0.8378527743839478,1,1
bkbc_242,0.6761274836516951,1,1
bkbc_243,0.17925784083967608,0,0
bkbc_244,0.29035323462252866,0,0
bkbc_245,0.39202082267149063,0,0
bkbc_246,0.4092132230940977,0,0
bkbc_247,0.4076509573883949,0,0
bkbc_248,0.6697880723785681,1,1
bkbc_249,0.18456313574615382,0,0
bkbc_250,0.4552216634206243,0,1
bkbc_251,0.20461191307707574,0,0
bkbc_252,0.5691572274614861,1,1
bkbc_253,0.20804366100633065,0,0
bkbc_254,0.6258197874771478,1,1
bkbc_255,0.22539043213695142,0,0
bkbc_256,0.6932051133798016,1,1
bkbc_257,0.2088685545748577,0,0
bkbc_258,0.6968827495812339,1,1
bkbc_259,0.2881576385747041,0,0
bkbc_260,0.35330466078060496,0,0
bkbc_261,0.27518529459607055,0,0
bkbc_262,0.32398641941569833,0,0
bkbc_263,0.35593033077089403,0,0
bkbc_264,0.2422415724164771,0,0
bkbc_265,0.4039633311948739,0,1
bkbc_266,0.7855961963635417,1,1
bkbc_267,0.7061449703290036,1,1
bkbc_268,0.4117490378430205,0,0
bkbc_269,0.21332013842035094,0,0
bkbc_270,0.18590477385039617,0,0
bkbc_271,0.5927589799227291,1,1
bkbc_272,0.19200623586346008,0,0
bkbc_273,0.3356572703048919,0,0
bkbc_274,0.8497993689201776,1,1
bkbc_275,0.5142150581320374,1,1
bkbc_276,0.6505636550912192,1,1
bkbc_277,0.2789570872257553,0,0
bkbc_278,0.6885543008214112,1,0
bkbc_279,0.5006803122724035,1,0
bkbc_280,0.24898980241455052,0,0
bkbc_281,0.6683446720739472,1,0
bkbc_282,0.5369039384450915,1,1
bkbc_283,0.8469404543771456,1,1
bkbc_284,0.24851532591507933,0,0
bkbc_285,0.24307896543151628,0,0
bkbc_286,0.49008321463147525,0,1
bkbc_287,0.29887172940073053,0,0
bkbc_288,0.21830856565389797,0,0
bkbc_289,0.8551374381599322,1,1
bkbc_290,0.5411090505206181,1,1
bkbc_291,0.2438687201606082,0,0
bkbc_292,0.27339331752297313,0,0
bkbc_293,0.23722026565638082,0,0
bkbc_294,0.3939994927366748,0,0
bkbc_295,0.2879738840641104,0,0
bkbc_296,0.23768378641256738,0,0
bkbc_297,0.6890219712838163,1,1
bkbc_298,0.30724769118947237,0,1
bkbc_299,0.49419192866414535,0,1
bkbc_300,0.2141361999522047,0,0
bkbc_301,0.33005237309999835,0,0
bkbc_302,0.3044328508015854,0,0
bkbc_303,0.35362400509137,0,0
bkbc_304,0.26010697169560165,0,0
bkbc_305,0.21141620412421216,0,0
bkbc_306,0.2324286585692784,0,0
bkbc_307,0.6879705204091524,1,1
bkbc_308,0.8557789390514353,1,1
bkbc_309,0.6713179125507438,1,1
bkbc_310,0.45012775211069506,0,0
bkbc_311,0.854594901392966,1,1
bkbc_312,0.2721704166303659,0,0
bkbc_313,0.5478179510667072,1,0
bkbc_314,0.260319442986919,0,0
bkbc_315,0.31986328474570863,0,0
bkbc_316,0.4032581577962433,0,0
bkbc_317,0.745660264889349,1,1
bkbc_318,0.6069748015905783,1,1
bkbc_319,0.1980168324252489,0,0
bkbc_320,0.3530796423365318,0,0
bkbc_321,0.5893647167291384,1,1
bkbc_322,0.30582346007303446,0,0
bkbc_323,0.588981099215766,1,1
bkbc_324,0.35867029123169686,0,1
bkbc_325,0.45355482840745004,0,1
bkbc_326,0.5147822075084122,1,1
bkbc_327,0.8504917297322605,1,1
bkbc_328,0.25226412118059205,0,0
bkbc_329,0.6100857449859959,1,1
bkbc_330,0.5516442257072134,1,1
bkbc_331,0.280781919891358,0,0
bkbc_332,0.44259534188448935,0,1
bkbc_333,0.7982217937812105,1,1
bkbc_334,0.7028263901439666,1,1
bkbc_335,0.2652080784963413,0,0
bkbc_336,0.5430421509415653,1,1
bkbc_337,0.7991608334824151,1,1
bkbc_338,0.27083948496799065,0,0
bkbc_339,0.3561528487338765,0,0
bkbc_340,0.23186237044940783,0,0
bkbc_341,0.311328640936635,0,0
bkbc_342,0.19062766412716664,0,0
bkbc_343,0.290440627929898,0,0
bkbc_344,0.5384797170351041,1,1
bkbc_345,0.6139381107318923,1,1
bkbc_346,0.30390000013043983,0,0
bkbc_347,0.3832795131031902,0,1
bkbc_348,0.8412191083224027,1,1
bkbc_349,0.2618846305172645,0,0
bkbc_350,0.18390568566068896,0,0
bkbc_351,0.45438435829979207,0,1
bkbc_352,0.7464742255916316,1,1
bkbc_353,0.2233012350151009,0,0
bkbc_354,0.35657742585853935,0,0
bkbc_355,0.7097276327821068,1,1
bkbc_356,0.738588592472736,1,1
bkbc_357,0.2219537214045703,0,0
bkbc_358,0.636936357417482,1,1
bkbc_359,0.18918317067700616,0,0
bkbc_360,0.7002177536143637,1,1
bkbc_361,0.5472070829956001,1,1
bkbc_362,0.44144504786395117,0,1
bkbc_363,0.22955387989302026,0,0
bkbc_364,0.19169795313756258,0,0
bkbc_365,0.23082308472564947,0,0
bkbc_366,0.4769180755043947,0,0
bkbc_367,0.5253887819785018,1,1
bkbc_368,0.6033313893061598,1,1
bkbc_369,0.8210816476881166,1,1
bkbc_370,0.7388404362679294,1,1
bkbc_371,0.45475909902878836,0,0
bkbc_372,0.3339648821627351,0,0
bkbc_373,0.20178411780487343,0,0
bkbc_374,0.824126069969611,1,1
bkbc_375,0.2448128252646402,0,0
bkbc_376,0.23508670001364815,0,0
bkbc_377,0.5326594422635821,1,1
bkbc_378,0.2554838955031985,0,0
bkbc_379,0.6389055328956623,1,1
bkbc_380,0.5907865797202413,1,1
bkbc_381,0.3192572261276863,0,0
bkbc_382,0.3233826643757308,0,0
bkbc_383,0.42782283452541653,0,0
bkbc_384,0.24132255805407477,0,0
bkbc_385,0.4736122153286422,0,0
bkbc_386,0.5190345020263135,1,0
bkbc_387,0.6188747252702458,1,1
bkbc_388,0.36380123374174994,0,1
bkbc_389,0.3252474735403777,0,0
bkbc_390,0.8522156857709675,1,1
bkbc_391,0.806743258769446,1,1
bkbc_392,0.5936471415722577,1,0
bkbc_393,0.4321668814755202,0,1
bkbc_394,0.5175239068390034,1,1
bkbc_395,0.40351616700916937,0,1
bkbc_396,0.8524872855303196,1,1
bkbc_397,0.32979637696759034,0,1
bkbc_398,0.6317407902351355,1,1
bkbc_399,0.42518961741428263,0,1
bkbc_400,0.5748253084465424,1,1
bkbc_401,0.7914940663503676,1,1
bkbc_402,0.2497406220325551,0,0
bkbc_403,0.5088135926713789,1,1
bkbc_404,0.2583470256914236,0,0
bkbc_405,0.7573064038470846,1,1
bkbc_406,0.21871769645692435,0,0
bkbc_407,0.8316986487996408,1,1
bkbc_408,0.8087731014106159,1,1
bkbc_409,0.20869375801684048,0,0
bkbc_410,0.5698868180134857,1,1
bkbc_411,0.3608482090707914,0,0
bkbc_412,0.19254715798015012,0,0
bkbc_413,0.33350485923801354,0,0
bkbc_414,0.3088464006877298,0,0
bkbc_415,0.3182925542604271,0,0
bkbc_416,0.8283363544599275,1,1
bkbc_417,0.5182017619587855,1,1
bkbc_418,0.7854480734500306,1,1
bkbc_419,0.23020641150518578,0,0
bkbc_420,0.18635637458153723,0,0
bkbc_421,0.8180429474936746,1,1
bkbc_422,0.6274106245206159,1,1
bkbc_423,0.39920544893960014,0,0
bkbc_424,0.2799526351225247,0,0
bkbc_425,0.31750905878969077,0,0
